{"cameraMode":{"drawMode":0,"name":"Shaded","section":"Shading Mode"},"sceneLighting":false,"audioPlay":false,"sceneViewState":{"showFog":false,"showMaterialUpdate":false,"showSkybox":false,"showFlares":false,"showImageEffects":true,"showParticleSystems":true},"in2DMode":false,"pivot":{"x":0.0,"y":0.005999129265546799,"z":0.0009389519691467285},"rotation":{"x":-0.013609279878437519,"y":0.9761677980422974,"z":-0.20684854686260224,"w":-0.06422635167837143},"size":1.7000153064727784,"orthographic":false}