{"cameraMode":{"drawMode":0,"name":"Shaded","section":"Shading Mode"},"sceneLighting":false,"audioPlay":false,"sceneViewState":{"showFog":false,"showMaterialUpdate":false,"showSkybox":false,"showFlares":false,"showImageEffects":true,"showParticleSystems":true},"in2DMode":false,"pivot":{"x":-0.10174176096916199,"y":-0.07466987520456314,"z":-0.3666648864746094},"rotation":{"x":-0.25975027680397036,"y":0.7231142520904541,"z":-0.35091936588287356,"w":-0.5352486968040466},"size":1.7431535720825196,"orthographic":false}