{"cameraMode":{"drawMode":0,"name":"Shaded","section":"Shading Mode"},"sceneLighting":false,"audioPlay":false,"sceneViewState":{"showFog":true,"showMaterialUpdate":true,"showSkybox":true,"showFlares":true,"showImageEffects":true,"showParticleSystems":true},"in2DMode":false,"pivot":{"x":5.980000019073486,"y":2.339770793914795,"z":-5.929999828338623},"rotation":{"x":-0.02573939971625805,"y":0.9579963088035584,"z":-0.2707096040248871,"w":-0.09108775109052658},"size":3.623394012451172,"orthographic":false}