{"cameraMode":{"drawMode":0,"name":"Shaded","section":"Shading Mode"},"sceneLighting":false,"audioPlay":false,"sceneViewState":{"showFog":false,"showMaterialUpdate":false,"showSkybox":false,"showFlares":false,"showImageEffects":true,"showParticleSystems":true},"in2DMode":false,"pivot":{"x":-10.133306503295899,"y":0.04000234603881836,"z":-1.8315812349319459},"rotation":{"x":0.3014313876628876,"y":-0.5042986869812012,"z":0.19346199929714204,"w":0.7857444882392883},"size":28.578840255737306,"orthographic":false}