{"cameraMode":{"drawMode":0,"name":"Shaded","section":"Shading Mode"},"sceneLighting":false,"audioPlay":false,"sceneViewState":{"showFog":false,"showMaterialUpdate":false,"showSkybox":false,"showFlares":false,"showImageEffects":true,"showParticleSystems":true},"in2DMode":false,"pivot":{"x":-0.21577437222003938,"y":0.7378048896789551,"z":-2.797078847885132},"rotation":{"x":0.197487935423851,"y":-0.7386236786842346,"z":0.24461613595485688,"w":0.5963191986083984},"size":7.195243835449219,"orthographic":false}