{"cameraMode":{"drawMode":0,"name":"Shaded","section":"Shading Mode"},"sceneLighting":false,"audioPlay":false,"sceneViewState":{"showFog":false,"showMaterialUpdate":false,"showSkybox":false,"showFlares":false,"showImageEffects":true,"showParticleSystems":true},"in2DMode":false,"pivot":{"x":-0.7699999809265137,"y":1.3899998664855958,"z":-9.069999694824219},"rotation":{"x":0.18553747236728669,"y":0.6864785552024841,"z":-0.18800178170204163,"w":0.6774794459342957},"size":14.289420127868653,"orthographic":false}