{"cameraMode":{"drawMode":0,"name":"Shaded","section":"Shading Mode"},"sceneLighting":false,"audioPlay":false,"sceneViewState":{"showFog":false,"showMaterialUpdate":false,"showSkybox":false,"showFlares":false,"showImageEffects":true,"showParticleSystems":true},"in2DMode":false,"pivot":{"x":3.2135415077209474,"y":1.8123652935028077,"z":-20.761049270629884},"rotation":{"x":0.16555984318256379,"y":0.07477814704179764,"z":-0.012590711005032063,"w":0.9832800626754761},"size":10.70969009399414,"orthographic":false}