{"cameraMode":{"drawMode":0,"name":"Shaded","section":"Shading Mode"},"sceneLighting":false,"audioPlay":false,"sceneViewState":{"showFog":false,"showMaterialUpdate":false,"showSkybox":false,"showFlares":false,"showImageEffects":true,"showParticleSystems":true},"in2DMode":false,"pivot":{"x":-2.7100327014923097,"y":0.03989088535308838,"z":-5.350832939147949},"rotation":{"x":0.2903180420398712,"y":0.3822806477546692,"z":-0.12787726521492005,"w":0.8678849935531616},"size":8.573651313781739,"orthographic":false}