{"cameraMode":{"drawMode":0,"name":"Shaded","section":"Shading Mode"},"sceneLighting":false,"audioPlay":false,"sceneViewState":{"showFog":false,"showMaterialUpdate":false,"showSkybox":false,"showFlares":false,"showImageEffects":true,"showParticleSystems":true},"in2DMode":false,"pivot":{"x":3.990000009536743,"y":0.7999999523162842,"z":-8.289999961853028},"rotation":{"x":0.197487935423851,"y":-0.7386236786842346,"z":0.24461613595485688,"w":0.5963191986083984},"size":3.6233935356140138,"orthographic":false}