{"cameraMode":{"drawMode":0,"name":"Shaded","section":"Shading Mode"},"sceneLighting":false,"audioPlay":false,"sceneViewState":{"showFog":false,"showMaterialUpdate":false,"showSkybox":false,"showFlares":false,"showImageEffects":true,"showParticleSystems":true},"in2DMode":false,"pivot":{"x":22.655954360961915,"y":3.8499999046325685,"z":10.100000381469727},"rotation":{"x":-0.013609279878437519,"y":0.9761677980422974,"z":-0.20684854686260224,"w":-0.06422635167837143},"size":1.049989938735962,"orthographic":false}