{"cameraMode":{"drawMode":0,"name":"Shaded","section":"Shading Mode"},"sceneLighting":false,"audioPlay":false,"sceneViewState":{"showFog":true,"showMaterialUpdate":true,"showSkybox":true,"showFlares":true,"showImageEffects":true,"showParticleSystems":true},"in2DMode":false,"pivot":{"x":0.7943762540817261,"y":0.36607763171195986,"z":-0.10551196336746216},"rotation":{"x":-0.38523393869400027,"y":0.23065321147441865,"z":-0.1007799282670021,"w":-0.8878273367881775},"size":42.114688873291019,"orthographic":false}