{"cameraMode":{"drawMode":0,"name":"Shaded","section":"Shading Mode"},"sceneLighting":false,"audioPlay":false,"sceneViewState":{"showFog":false,"showMaterialUpdate":false,"showSkybox":false,"showFlares":false,"showImageEffects":true,"showParticleSystems":true},"in2DMode":false,"pivot":{"x":0.0,"y":0.005999129265546799,"z":0.0009389519691467285},"rotation":{"x":-0.03771600499749184,"y":0.9585787653923035,"z":-0.23794549703598023,"w":-0.15194138884544373},"size":2.3000152111053469,"orthographic":false}