{"cameraMode":{"drawMode":0,"name":"Shaded","section":"Shading Mode"},"sceneLighting":false,"audioPlay":false,"sceneViewState":{"showFog":false,"showMaterialUpdate":false,"showSkybox":false,"showFlares":false,"showImageEffects":true,"showParticleSystems":true},"in2DMode":false,"pivot":{"x":4.339309215545654,"y":0.8195092678070068,"z":5.92090368270874},"rotation":{"x":0.053630758076906207,"y":-0.9433761835098267,"z":0.18957234919071198,"w":0.266884982585907},"size":3.623394012451172,"orthographic":false}