{"cameraMode":{"drawMode":0,"name":"Shaded","section":"Shading Mode"},"sceneLighting":false,"audioPlay":false,"sceneViewState":{"showFog":true,"showMaterialUpdate":true,"showSkybox":true,"showFlares":true,"showImageEffects":true,"showParticleSystems":true},"in2DMode":false,"pivot":{"x":14.417961120605469,"y":0.6824941635131836,"z":-4.571633338928223},"rotation":{"x":-0.02573939971625805,"y":0.9579963088035584,"z":-0.2707096040248871,"w":-0.09108775109052658},"size":8.048070907592774,"orthographic":false}