{"cameraMode":{"drawMode":0,"name":"Shaded","section":"Shading Mode"},"sceneLighting":false,"audioPlay":false,"sceneViewState":{"showFog":true,"showMaterialUpdate":true,"showSkybox":true,"showFlares":true,"showImageEffects":true,"showParticleSystems":true},"in2DMode":false,"pivot":{"x":5.980000019073486,"y":2.339770793914795,"z":-5.929999828338623},"rotation":{"x":-0.0897010788321495,"y":0.3728746771812439,"z":-0.036244478076696399,"w":-0.9228242635726929},"size":3.623394012451172,"orthographic":false}