{"cameraMode":{"drawMode":0,"name":"Shaded","section":"Shading Mode"},"sceneLighting":false,"audioPlay":false,"sceneViewState":{"showFog":false,"showMaterialUpdate":false,"showSkybox":false,"showFlares":false,"showImageEffects":true,"showParticleSystems":true},"in2DMode":false,"pivot":{"x":-0.2999935746192932,"y":-1.4228265285491944,"z":-6.571534156799316},"rotation":{"x":-0.038626983761787418,"y":0.9571338891983032,"z":-0.24369268119335175,"w":-0.1517123579978943},"size":12.311079978942871,"orthographic":false}